-- OM seed data (local)

INSERT INTO OM_AUTH_GROUP (AUTH_GROUP_ID, AUTH_GROUP_NAME, DESCRIPTION, USE_YN) VALUES
('ROLE_ADMIN', '시스템관리자', 'OM 전체 관리', 'Y'),
('ROLE_OPERATOR', '운영담당자', '거래로그/모니터링', 'Y'),
('ROLE_VIEWER', '조회자', '조회 전용', 'Y');

-- 초기 비밀번호: nsight01! (기동 시 OmUserPasswordInitializer 가 BCrypt 해시 설정)
INSERT INTO OM_USER (USER_ID, USER_NAME, PASSWORD_HASH, BRANCH_ID, AUTH_GROUP_ID, USE_YN, LAST_LOGIN_TIME) VALUES
('admin01', '운영관리자', NULL, '000001', 'ROLE_ADMIN', 'Y', '2026-06-14T09:15:00+09:00'),
('op01', '김운영', NULL, '001234', 'ROLE_OPERATOR', 'Y', '2026-06-14T08:50:00+09:00'),
('view01', '이조회', NULL, '001234', 'ROLE_VIEWER', 'Y', '2026-06-13T17:20:00+09:00');

INSERT INTO OM_MENU (MENU_ID, MENU_NAME, MENU_URL, PARENT_MENU_ID, SORT_ORDER, USE_YN) VALUES
('OM_GRP_OPS', '운영', '', NULL, 0, 'Y'),
('OM_DASH', '운영 대시보드', '/om/admin/dashboard.html', 'OM_GRP_OPS', 1, 'Y'),
('OM_TX', '거래로그 조회', '/om/admin/transaction-log.html', 'OM_GRP_OPS', 2, 'Y'),
('OM_TXC', '거래통제 관리', '/om/admin/transaction-control.html', 'OM_GRP_OPS', 3, 'Y'),
('OM_TMO', 'Timeout 정책', '/om/admin/timeout-policy.html', 'OM_GRP_OPS', 4, 'Y'),
('OM_SVC', 'ServiceId 관리', '/om/admin/service-catalog.html', 'OM_GRP_OPS', 5, 'Y'),
('OM_AUTH', '사용자/권한/메뉴/기능·데이터권한', '/om/admin/user-auth.html', 'OM_GRP_OPS', 6, 'Y'),
('OM_AUDIT', '감사로그', '/om/admin/audit-log.html', 'OM_GRP_OPS', 7, 'Y'),
('OM_SES', '세션 관리', '/om/admin/session.html', 'OM_GRP_OPS', 8, 'Y'),
('OM_GRP_SYS', '시스템·배포', '', NULL, 10, 'Y'),
('OM_GRP_RTM', '런타임·장애진단', '', NULL, 5, 'Y'),
('OM_ERR', '오류코드 관리', '/om/admin/error-code.html', 'OM_GRP_SYS', 11, 'Y'),
('OM_BAT', '배치 관리', '/om/admin/batch.html', 'OM_GRP_SYS', 12, 'Y'),
('OM_HLT', 'Health Check', '/om/admin/health-check.html', 'OM_GRP_SYS', 13, 'Y'),
('OM_RTM_GUIDE', '진단 순서 가이드', '/om/admin/runtime-diagnosis-guide.html', 'OM_GRP_RTM', 1, 'Y'),
('OM_RTM_WS', '런타임·장애진단', '/om/admin/runtime-workspace.html', 'OM_GRP_RTM', 2, 'Y'),
('OM_RTM', '런타임 진단 상세', '/om/admin/runtime-diagnostics.html', 'OM_GRP_RTM', 3, 'Y'),
('OM_RTM_CARDS', '핵심 상태 카드', '/om/admin/runtime-status-cards.html', 'OM_GRP_RTM', 4, 'Y'),
('OM_RTM_THREAD', 'Thread 분석', '/om/admin/runtime-thread-analysis.html', 'OM_GRP_RTM', 5, 'Y'),
('OM_RTM_JVM', 'JVM 분석', '/om/admin/runtime-jvm-analysis.html', 'OM_GRP_RTM', 6, 'Y'),
('OM_RTM_DBPOOL', 'DB Pool 분석', '/om/admin/runtime-dbpool-analysis.html', 'OM_GRP_RTM', 7, 'Y'),
('OM_RTM_DOM', 'WAR·자원 독점', '/om/admin/runtime-dominance-analysis.html', 'OM_GRP_RTM', 8, 'Y'),
('OM_RTM_OCC', '업무 점유 현황', '/om/admin/runtime-business-occupancy.html', 'OM_GRP_RTM', 9, 'Y'),
('OM_RTM_ACTIVE', '실행 중 거래', '/om/admin/runtime-active-transactions.html', 'OM_GRP_RTM', 10, 'Y'),
('OM_RTM_SQL', 'Slow SQL·외부연계', '/om/admin/runtime-sql-analysis.html', 'OM_GRP_RTM', 11, 'Y'),
('OM_RTM_TXDET', '거래·Thread 상세', '/om/admin/runtime-transaction-detail.html', 'OM_GRP_RTM', 12, 'Y'),
('OM_RTM_CAUSE', '자동 원인판정', '/om/admin/runtime-cause-analysis.html', 'OM_GRP_RTM', 13, 'Y'),
('OM_RTM_FLOW', '장애 흐름', '/om/admin/runtime-incident-flow.html', 'OM_GRP_RTM', 14, 'Y'),
('OM_RTM_HIST', '장애 이력', '/om/admin/runtime-incident-history.html', 'OM_GRP_RTM', 15, 'Y'),
('OM_RTM_THR', '임계치·정책', '/om/admin/runtime-threshold-policy.html', 'OM_GRP_RTM', 16, 'Y'),
('OM_CFG', '환경설정 조회', '/om/admin/system-config.html', 'OM_GRP_SYS', 14, 'Y'),
('OM_FIL', '파일 관리', '/om/admin/file-management.html', 'OM_GRP_SYS', 16, 'Y'),
('OM_DPL', '배포 관리', '/om/admin/deploy.html', 'OM_GRP_SYS', 17, 'Y'),
('OM_GRP_AUTH', '권한·코드', '', NULL, 20, 'Y'),
('OM_CDC', '공통코드 관리', '/om/admin/common-code.html', 'OM_GRP_AUTH', 21, 'Y'),
('OM_FAU', '기능권한', '/om/admin/user-auth.html', 'OM_GRP_AUTH', 22, 'N'),
('OM_DAU', '데이터권한', '/om/admin/user-auth.html', 'OM_GRP_AUTH', 23, 'N'),
('OM_AHT', '권한이력', '/om/admin/auth-history.html', 'OM_GRP_AUTH', 24, 'Y'),
('OM_CCH', 'Cache 관리', '/om/admin/cache.html', 'OM_GRP_AUTH', 25, 'Y');

INSERT INTO OM_SERVICE_CATALOG (CATALOG_ID, BUSINESS_CODE, SERVICE_ID, TRANSACTION_CODE, PROCESSING_TYPE, HANDLER_CLASS, AUTH_CODE, AUDIT_YN, TIMEOUT_SEC, USE_YN, DESCRIPTION) VALUES
('CAT-001', 'SV', 'SV.Sample.inquiry', 'SV-INQ-0001', 'INQUIRY', 'SvSampleHandler', 'ROLE_SV_INQ', 'N', 5, 'Y', 'SV 샘플 조회'),
('CAT-002', 'SV', 'SV.Customer.selectSummary', 'SV-INQ-0002', 'INQUIRY', 'SvCustomerHandler', 'ROLE_SV_INQ', 'Y', 3, 'Y', '고객요약 조회'),
('CAT-075', 'SV', 'SV.Integration.icSample', 'SV-INT-0001', 'INQUIRY', 'SvIntegrationHandler', 'ROLE_SV_INQ', 'N', 5, 'Y', 'SV→IC 연동 샘플 조회'),
('CAT-003', 'OM', 'OM.Dashboard.inquiry', 'OM-DSH-0001', 'INQUIRY', 'OmDashboardHandler', 'ROLE_OM_DSH', 'N', 5, 'Y', '운영 대시보드'),
('CAT-073', 'OM', 'OM.Dashboard.reset', 'OM-DSH-0002', 'EXECUTE', 'OmDashboardHandler', 'ROLE_OM_DSH', 'Y', 60, 'Y', '대시보드 스냅샷 DB 초기화'),
('CAT-004', 'OM', 'OM.TransactionLog.inquiry', 'OM-TXL-0001', 'INQUIRY', 'OmTransactionLogHandler', 'ROLE_OM_TXL', 'N', 10, 'Y', '거래로그 조회'),
('CAT-005', 'OM', 'OM.ServiceCatalog.inquiry', 'OM-SVC-0001', 'INQUIRY', 'OmServiceCatalogHandler', 'ROLE_OM_SVC', 'N', 5, 'Y', 'ServiceId 카탈로그'),
('CAT-006', 'OM', 'OM.User.inquiry', 'OM-USR-0001', 'INQUIRY', 'OmUserHandler', 'ROLE_OM_AUTH', 'N', 5, 'Y', '사용자 조회'),
('CAT-007', 'OM', 'OM.Menu.inquiry', 'OM-MNU-0001', 'INQUIRY', 'OmMenuHandler', 'ROLE_OM_AUTH', 'N', 5, 'Y', '메뉴 조회'),
('CAT-079', 'OM', 'OM.Menu.save', 'OM-MNU-0002', 'UPDATE', 'OmMenuHandler', 'ROLE_OM_AUTH', 'Y', 5, 'Y', '메뉴 등록'),
('CAT-080', 'OM', 'OM.Menu.detail', 'OM-MNU-0003', 'INQUIRY', 'OmMenuHandler', 'ROLE_OM_AUTH', 'N', 5, 'Y', '메뉴 상세'),
('CAT-081', 'OM', 'OM.Menu.update', 'OM-MNU-0004', 'UPDATE', 'OmMenuHandler', 'ROLE_OM_AUTH', 'Y', 5, 'Y', '메뉴 수정'),
('CAT-082', 'OM', 'OM.Menu.delete', 'OM-MNU-0005', 'DELETE', 'OmMenuHandler', 'ROLE_OM_AUTH', 'Y', 5, 'Y', '메뉴 삭제'),
('CAT-008', 'OM', 'OM.AuthGroup.inquiry', 'OM-AUT-0001', 'INQUIRY', 'OmAuthGroupHandler', 'ROLE_OM_AUTH', 'N', 5, 'Y', '권한그룹 조회'),
('CAT-075', 'OM', 'OM.AuthGroup.save', 'OM-AGP-0001', 'UPDATE', 'OmAuthGroupHandler', 'ROLE_OM_AUTH', 'Y', 5, 'Y', '권한그룹 등록'),
('CAT-076', 'OM', 'OM.AuthGroup.detail', 'OM-AGP-0002', 'INQUIRY', 'OmAuthGroupHandler', 'ROLE_OM_AUTH', 'N', 5, 'Y', '권한그룹 상세'),
('CAT-077', 'OM', 'OM.AuthGroup.update', 'OM-AGP-0003', 'UPDATE', 'OmAuthGroupHandler', 'ROLE_OM_AUTH', 'Y', 5, 'Y', '권한그룹 수정'),
('CAT-078', 'OM', 'OM.AuthGroup.delete', 'OM-AGP-0004', 'DELETE', 'OmAuthGroupHandler', 'ROLE_OM_AUTH', 'Y', 5, 'Y', '권한그룹 삭제'),
('CAT-009', 'OM', 'OM.AuditLog.inquiry', 'OM-AUD-0001', 'INQUIRY', 'OmAuditLogHandler', 'ROLE_OM_AUD', 'Y', 10, 'Y', '감사로그 조회'),
('CAT-074', 'OM', 'OM.AuditLog.deleteAll', 'OM-AUD-0002', 'DELETE', 'OmAuditLogHandler', 'ROLE_OM_AUD', 'Y', 30, 'Y', '감사로그 전체 삭제'),
('CAT-083', 'OM', 'OM.Deploy.buildRequest', 'OM-DPL-0001', 'UPDATE', 'OmDeployHandler', 'ROLE_OM_DEP', 'Y', 10, 'Y', '배포 Gradle 빌드 요청'),
('CAT-084', 'OM', 'OM.Deploy.buildStatus', 'OM-DPL-0002', 'INQUIRY', 'OmDeployHandler', 'ROLE_OM_DEP', 'N', 5, 'Y', '배포 빌드 상태 조회'),
('CAT-085', 'OM', 'OM.Deploy.deployRequest', 'OM-DPL-0003', 'UPDATE', 'OmDeployHandler', 'ROLE_OM_DEP', 'Y', 10, 'Y', '배포 요청 등록'),
('CAT-086', 'OM', 'OM.Deploy.approve', 'OM-DPL-0004', 'UPDATE', 'OmDeployHandler', 'ROLE_OM_DEP', 'Y', 10, 'Y', '배포 승인'),
('CAT-087', 'OM', 'OM.Deploy.execute', 'OM-DPL-0005', 'EXECUTE', 'OmDeployHandler', 'ROLE_OM_DEP', 'Y', 300, 'Y', '배포 실행'),
('CAT-088', 'OM', 'OM.Deploy.history', 'OM-DPL-0006', 'INQUIRY', 'OmDeployHandler', 'ROLE_OM_DEP', 'N', 10, 'Y', '배포 이력 조회'),
('CAT-089', 'OM', 'OM.Deploy.logInquiry', 'OM-DPL-0007', 'INQUIRY', 'OmDeployHandler', 'ROLE_OM_DEP', 'N', 10, 'Y', '배포 로그 조회'),
('CAT-090', 'OM', 'OM.Deploy.rollbackRequest', 'OM-DPL-0008', 'UPDATE', 'OmDeployHandler', 'ROLE_OM_DEP', 'Y', 10, 'Y', '배포 롤백 요청'),
('CAT-091', 'OM', 'OM.Deploy.healthCheck', 'OM-DPL-0009', 'INQUIRY', 'OmDeployHandler', 'ROLE_OM_DEP', 'N', 10, 'Y', '배포 Health Check'),
('CAT-092', 'OM', 'OM.Deploy.deleteAll', 'OM-DPL-0010', 'DELETE', 'OmDeployHandler', 'ROLE_OM_DEP', 'Y', 30, 'Y', '배포 요청·이력 초기화'),
('CAT-097', 'OM', 'OM.TransactionControl.inquiry', 'OM-TXC-0001', 'INQUIRY', 'OmTransactionControlHandler', 'ROLE_OM_TXC', 'N', 10, 'Y', '거래통제 조회'),
('CAT-098', 'OM', 'OM.TransactionControl.save', 'OM-TXC-0002', 'UPDATE', 'OmTransactionControlHandler', 'ROLE_OM_TXC', 'Y', 5, 'Y', '거래통제 등록'),
('CAT-099', 'OM', 'OM.TransactionControl.delete', 'OM-TXC-0003', 'DELETE', 'OmTransactionControlHandler', 'ROLE_OM_TXC', 'Y', 5, 'Y', '거래통제 삭제'),
('CAT-100', 'OM', 'OM.TransactionControl.update', 'OM-TXC-0004', 'UPDATE', 'OmTransactionControlHandler', 'ROLE_OM_TXC', 'Y', 5, 'Y', '거래통제 수정'),
('CAT-101', 'OM', 'OM.TimeoutPolicy.inquiry', 'OM-TMO-0001', 'INQUIRY', 'OmTimeoutPolicyHandler', 'ROLE_OM_TMO', 'N', 10, 'Y', 'Timeout 정책 조회'),
('CAT-102', 'OM', 'OM.TimeoutPolicy.save', 'OM-TMO-0002', 'UPDATE', 'OmTimeoutPolicyHandler', 'ROLE_OM_TMO', 'Y', 5, 'Y', 'Timeout 정책 등록'),
('CAT-103', 'OM', 'OM.TimeoutPolicy.update', 'OM-TMO-0003', 'UPDATE', 'OmTimeoutPolicyHandler', 'ROLE_OM_TMO', 'Y', 5, 'Y', 'Timeout 정책 수정'),
('CAT-104', 'OM', 'OM.TimeoutPolicy.delete', 'OM-TMO-0004', 'DELETE', 'OmTimeoutPolicyHandler', 'ROLE_OM_TMO', 'Y', 5, 'Y', 'Timeout 정책 삭제'),
('CAT-010', 'OM', 'OM.ErrorCode.inquiry', 'OM-ERR-0001', 'INQUIRY', 'OmErrorCodeHandler', 'ROLE_OM_ERR', 'N', 5, 'Y', '오류코드 조회'),
('CAT-011', 'OM', 'OM.Batch.inquiry', 'OM-BAT-0001', 'INQUIRY', 'OmBatchHandler', 'ROLE_OM_BAT', 'N', 10, 'Y', '배치/스케줄 조회'),
('CAT-012', 'OM', 'OM.HealthCheck.inquiry', 'OM-HLT-0001', 'INQUIRY', 'OmHealthCheckHandler', 'ROLE_OM_HLT', 'N', 5, 'Y', 'Health Check 조회'),
('CAT-111', 'OM', 'OM.Runtime.inquiry', 'OM-RTM-0001', 'INQUIRY', 'OmRuntimeHandler', 'ROLE_OM_RTM', 'N', 60, 'Y', '런타임 진단'),
('CAT-013', 'OM', 'OM.SystemConfig.inquiry', 'OM-CFG-0001', 'INQUIRY', 'OmSystemConfigHandler', 'ROLE_OM_CFG', 'N', 5, 'Y', '환경설정 조회'),
('CAT-014', 'OM', 'OM.FileDownload.inquiry', 'OM-FIL-0001', 'INQUIRY', 'OmFileDownloadHandler', 'ROLE_OM_FIL', 'Y', 10, 'Y', '파일 다운로드 이력'),
('CAT-015', 'OM', 'OM.CommonCode.inquiry', 'OM-CDC-0001', 'INQUIRY', 'OmCommonCodeHandler', 'ROLE_OM_CDC', 'N', 5, 'Y', '공통코드 목록 조회'),
('CAT-016', 'OM', 'OM.CommonCode.save', 'OM-CDC-0002', 'UPDATE', 'OmCommonCodeHandler', 'ROLE_OM_CDC', 'Y', 5, 'Y', '공통코드 등록'),
('CAT-017', 'OM', 'OM.CommonCode.detail', 'OM-CDC-0003', 'INQUIRY', 'OmCommonCodeHandler', 'ROLE_OM_CDC', 'N', 5, 'Y', '공통코드 단건 조회'),
('CAT-018', 'OM', 'OM.CommonCode.update', 'OM-CDC-0004', 'UPDATE', 'OmCommonCodeHandler', 'ROLE_OM_CDC', 'Y', 5, 'Y', '공통코드 수정'),
('CAT-019', 'OM', 'OM.CommonCode.delete', 'OM-CDC-0005', 'DELETE', 'OmCommonCodeHandler', 'ROLE_OM_CDC', 'Y', 5, 'Y', '공통코드 삭제'),
('CAT-020', 'OM', 'OM.ErrorCode.save', 'OM-ERR-0002', 'UPDATE', 'OmErrorCodeHandler', 'ROLE_OM_ERR', 'Y', 5, 'Y', '오류코드 등록'),
('CAT-021', 'OM', 'OM.Batch.execute', 'OM-BAT-0002', 'EXECUTE', 'OmBatchHandler', 'ROLE_OM_BAT', 'Y', 30, 'Y', '배치 재실행'),
('CAT-044', 'OM', 'OM.Batch.deleteAll', 'OM-BAT-0003', 'DELETE', 'OmBatchHandler', 'ROLE_OM_BAT', 'Y', 30, 'Y', '배치 실행이력 전체 삭제'),
('CAT-022', 'OM', 'OM.FunctionAuth.inquiry', 'OM-FAU-0001', 'INQUIRY', 'OmFunctionAuthHandler', 'ROLE_OM_AUTH', 'N', 5, 'Y', '기능권한 조회'),
('CAT-093', 'OM', 'OM.FunctionAuth.save', 'OM-FAU-0002', 'UPDATE', 'OmFunctionAuthHandler', 'ROLE_OM_AUTH', 'Y', 5, 'Y', '기능권한 등록'),
('CAT-094', 'OM', 'OM.FunctionAuth.detail', 'OM-FAU-0003', 'INQUIRY', 'OmFunctionAuthHandler', 'ROLE_OM_AUTH', 'N', 5, 'Y', '기능권한 상세'),
('CAT-095', 'OM', 'OM.FunctionAuth.update', 'OM-FAU-0004', 'UPDATE', 'OmFunctionAuthHandler', 'ROLE_OM_AUTH', 'Y', 5, 'Y', '기능권한 수정'),
('CAT-096', 'OM', 'OM.FunctionAuth.delete', 'OM-FAU-0005', 'DELETE', 'OmFunctionAuthHandler', 'ROLE_OM_AUTH', 'Y', 5, 'Y', '기능권한 삭제'),
('CAT-023', 'OM', 'OM.DataAuth.inquiry', 'OM-DAU-0001', 'INQUIRY', 'OmDataAuthHandler', 'ROLE_OM_AUTH', 'N', 5, 'Y', '데이터권한 조회'),
('CAT-024', 'OM', 'OM.AuthHistory.inquiry', 'OM-AHT-0001', 'INQUIRY', 'OmAuthHistoryHandler', 'ROLE_OM_AUTH', 'Y', 10, 'Y', '권한이력 조회'),
('CAT-112', 'OM', 'OM.AuthHistory.deleteAll', 'OM-AHT-0002', 'DELETE', 'OmAuthHistoryHandler', 'ROLE_OM_AUTH', 'Y', 30, 'Y', '권한이력 전체 삭제'),
('CAT-025', 'OM', 'OM.Cache.inquiry', 'OM-CCH-0001', 'INQUIRY', 'OmCacheHandler', 'ROLE_OM_CACHE', 'N', 5, 'Y', 'Cache 조회'),
('CAT-026', 'OM', 'OM.Cache.delete', 'OM-CCH-0002', 'DELETE', 'OmCacheHandler', 'ROLE_OM_CACHE', 'Y', 10, 'Y', 'Cache 삭제'),
('CAT-027', 'OM', 'OM.Auth.login', 'OM-AUT-0002', 'EXECUTE', 'OmAuthHandler', 'ROLE_OM_AUTH', 'Y', 5, 'Y', 'OM 로그인'),
('CAT-028', 'OM', 'OM.Auth.logout', 'OM-AUT-0003', 'EXECUTE', 'OmAuthHandler', 'ROLE_OM_AUTH', 'Y', 5, 'Y', 'OM 로그아웃'),
('CAT-029', 'OM', 'OM.Auth.session', 'OM-AUT-0004', 'INQUIRY', 'OmAuthHandler', 'ROLE_OM_AUTH', 'N', 5, 'Y', 'OM 세션 조회'),
('CAT-106', 'OM', 'OM.Auth.ssoLogin', 'OM-AUT-0005', 'EXECUTE', 'OmAuthHandler', 'ROLE_OM_AUTH', 'Y', 5, 'Y', 'OM SSO 로그인'),
('CAT-030', 'OM', 'OM.Session.inquiry', 'OM-SES-0001', 'INQUIRY', 'OmSessionHandler', 'ROLE_OM_AUTH', 'Y', 10, 'Y', '세션 목록 조회'),
('CAT-031', 'OM', 'OM.Session.delete', 'OM-SES-0002', 'DELETE', 'OmSessionHandler', 'ROLE_OM_AUTH', 'Y', 5, 'Y', '세션 강제 종료'),
('CAT-032', 'OM', 'OM.User.detail', 'OM-USR-0002', 'INQUIRY', 'OmUserHandler', 'ROLE_OM_AUTH', 'N', 5, 'Y', '사용자 상세'),
('CAT-033', 'OM', 'OM.User.save', 'OM-USR-0003', 'UPDATE', 'OmUserHandler', 'ROLE_OM_AUTH', 'Y', 5, 'Y', '사용자 등록'),
('CAT-034', 'OM', 'OM.User.update', 'OM-USR-0004', 'UPDATE', 'OmUserHandler', 'ROLE_OM_AUTH', 'Y', 5, 'Y', '사용자 수정'),
('CAT-035', 'OM', 'OM.User.delete', 'OM-USR-0005', 'DELETE', 'OmUserHandler', 'ROLE_OM_AUTH', 'Y', 5, 'Y', '사용자 삭제'),
('CAT-036', 'OM', 'OM.TransactionLog.deleteAll', 'OM-TXL-0002', 'DELETE', 'OmTransactionLogHandler', 'ROLE_OM_TXL', 'Y', 30, 'Y', '거래로그 전체 삭제'),
('CAT-037', 'OM', 'OM.ServiceCatalog.save', 'OM-SVC-0002', 'UPDATE', 'OmServiceCatalogHandler', 'ROLE_OM_SVC', 'Y', 5, 'Y', 'ServiceId 등록'),
('CAT-038', 'OM', 'OM.ServiceCatalog.detail', 'OM-SVC-0003', 'INQUIRY', 'OmServiceCatalogHandler', 'ROLE_OM_SVC', 'N', 5, 'Y', 'ServiceId 상세'),
('CAT-039', 'OM', 'OM.ServiceCatalog.update', 'OM-SVC-0004', 'UPDATE', 'OmServiceCatalogHandler', 'ROLE_OM_SVC', 'Y', 5, 'Y', 'ServiceId 수정'),
('CAT-040', 'OM', 'OM.ServiceCatalog.delete', 'OM-SVC-0005', 'DELETE', 'OmServiceCatalogHandler', 'ROLE_OM_SVC', 'Y', 5, 'Y', 'ServiceId 삭제'),
('CAT-041', 'OM', 'OM.ErrorCode.detail', 'OM-ERR-0003', 'INQUIRY', 'OmErrorCodeHandler', 'ROLE_OM_ERR', 'N', 5, 'Y', '오류코드 상세'),
('CAT-042', 'OM', 'OM.ErrorCode.update', 'OM-ERR-0004', 'UPDATE', 'OmErrorCodeHandler', 'ROLE_OM_ERR', 'Y', 5, 'Y', '오류코드 수정'),
('CAT-043', 'OM', 'OM.ErrorCode.delete', 'OM-ERR-0005', 'DELETE', 'OmErrorCodeHandler', 'ROLE_OM_ERR', 'Y', 5, 'Y', '오류코드 삭제'),
('CAT-045', 'OM', 'OM.Sample.inquiry', 'OM-INQ-0001', 'INQUIRY', 'OmSampleHandler', 'ROLE_OM_AUTH', 'N', 5, 'Y', 'OM 샘플 조회'),
('CAT-046', 'CC', 'CC.Sample.inquiry', 'CC-INQ-0001', 'INQUIRY', 'CcSampleInquiryHandler', 'ROLE_CC_INQ', 'N', 5, 'Y', 'CC 샘플 조회'),
('CAT-047', 'IC', 'IC.Sample.inquiry', 'IC-INQ-0001', 'INQUIRY', 'IcSampleHandler', 'ROLE_IC_INQ', 'N', 5, 'Y', 'IC 샘플 조회'),
('CAT-074', 'IC', 'IC.Customer.inquiry', 'IC-INQ-0002', 'INQUIRY', 'IcCustomerHandler', 'ROLE_IC_INQ', 'Y', 5, 'Y', 'IC 고객상세 조회(SV 연동)'),
('CAT-048', 'PC', 'PC.Sample.inquiry', 'PC-INQ-0001', 'INQUIRY', 'PcSampleHandler', 'ROLE_PC_INQ', 'N', 5, 'Y', 'PC 샘플 조회'),
('CAT-049', 'BC', 'BC.Sample.inquiry', 'BC-INQ-0001', 'INQUIRY', 'BcSampleInquiryHandler', 'ROLE_BC_INQ', 'N', 5, 'Y', 'BC 샘플 조회'),
('CAT-050', 'MS', 'MS.Sample.inquiry', 'MS-INQ-0001', 'INQUIRY', 'MsSampleHandler', 'ROLE_MS_INQ', 'N', 5, 'Y', 'MS 샘플 조회'),
('CAT-051', 'PD', 'PD.Sample.inquiry', 'PD-INQ-0001', 'INQUIRY', 'PdSampleHandler', 'ROLE_PD_INQ', 'N', 5, 'Y', 'PD 샘플 조회'),
('CAT-052', 'CM', 'CM.Sample.inquiry', 'CM-INQ-0001', 'INQUIRY', 'CmSampleInquiryHandler', 'ROLE_CM_INQ', 'N', 5, 'Y', 'CM 샘플 조회'),
('CAT-053', 'EB', 'EB.Sample.inquiry', 'EB-INQ-0001', 'INQUIRY', 'EbSampleHandler', 'ROLE_EB_INQ', 'N', 5, 'Y', 'EB 샘플 조회'),
('CAT-113', 'EB', 'EB.SystemTx.inquiry', 'EB-STX-0001', 'INQUIRY', 'EbSystemTxHandler', 'ROLE_EB_INQ', 'N', 5, 'Y', 'EB 시스템 거래 현황(19410)'),
('CAT-054', 'EP', 'EP.Sample.inquiry', 'EP-INQ-0001', 'INQUIRY', 'EpSampleHandler', 'ROLE_EP_INQ', 'N', 5, 'Y', 'EP 샘플 조회'),
('CAT-055', 'BP', 'BP.Sample.inquiry', 'BP-INQ-0001', 'INQUIRY', 'BpSampleInquiryHandler', 'ROLE_BP_INQ', 'N', 5, 'Y', 'BP 샘플 조회'),
('CAT-056', 'BD', 'BD.Sample.inquiry', 'BD-INQ-0001', 'INQUIRY', 'BdSampleInquiryHandler', 'ROLE_BD_INQ', 'N', 5, 'Y', 'BD 샘플 조회'),
('CAT-057', 'SS', 'SS.Sample.inquiry', 'SS-INQ-0001', 'INQUIRY', 'SsSampleHandler', 'ROLE_SS_INQ', 'N', 5, 'Y', 'SS 샘플 조회'),
('CAT-058', 'CS', 'CS.Sample.inquiry', 'CS-INQ-0001', 'INQUIRY', 'CsSampleInquiryHandler', 'ROLE_CS_INQ', 'N', 5, 'Y', 'CS 샘플 조회'),
('CAT-059', 'CT', 'CT.Sample.inquiry', 'CT-INQ-0001', 'INQUIRY', 'CtSampleInquiryHandler', 'ROLE_CT_INQ', 'N', 5, 'Y', 'CT 샘플 조회'),
('CAT-060', 'MG', 'MG.Sample.inquiry', 'MG-INQ-0001', 'INQUIRY', 'MgSampleHandler', 'ROLE_MG_INQ', 'N', 5, 'Y', 'MG 샘플 조회'),
('CAT-061', 'SV', 'SV.Customer.detail', 'SV-INQ-0003', 'INQUIRY', 'SvCustomerDetailHandler', 'ROLE_SV_INQ', 'Y', 5, 'Y', '고객 상세 조회'),
('CAT-062', 'SV', 'SV.Customer.register', 'SV-REG-0001', 'CREATE', 'SvCustomerRegisterHandler', 'ROLE_SV_INQ', 'Y', 5, 'Y', '고객 등록'),
('CAT-063', 'CM', 'CM.Campaign.list', 'CM-INQ-0002', 'INQUIRY', 'CmCampaignListHandler', 'ROLE_CM_INQ', 'N', 5, 'Y', '캠페인 목록 조회'),
('CAT-064', 'MG', 'MG.Message.send', 'MG-EXE-0001', 'EXECUTE', 'MgMessageSendHandler', 'ROLE_MG_INQ', 'Y', 10, 'Y', '메시지 발송'),
('CAT-065', 'UD', 'UD.File.list', 'UD-LST-0001', 'INQUIRY', 'OmUpdownloadFileController', 'ROLE_UD_FIL', 'N', 10, 'Y', '파일 목록 조회'),
('CAT-066', 'UD', 'UD.File.upload', 'UD-UPL-0001', 'CREATE', 'OmUpdownloadFileController', 'ROLE_UD_FIL', 'Y', 30, 'Y', '파일 업로드'),
('CAT-067', 'UD', 'UD.File.download', 'UD-DWN-0001', 'INQUIRY', 'OmUpdownloadFileController', 'ROLE_UD_FIL', 'Y', 30, 'Y', '파일 다운로드'),
('CAT-068', 'UD', 'UD.File.detail', 'UD-DTL-0001', 'INQUIRY', 'OmUpdownloadFileController', 'ROLE_UD_FIL', 'N', 5, 'Y', '파일 상세 조회'),
('CAT-069', 'UD', 'UD.File.update', 'UD-UPD-0001', 'UPDATE', 'OmUpdownloadFileController', 'ROLE_UD_FIL', 'Y', 5, 'Y', '파일 메타 수정'),
('CAT-070', 'UD', 'UD.File.delete', 'UD-DEL-0001', 'DELETE', 'OmUpdownloadFileController', 'ROLE_UD_FIL', 'Y', 5, 'Y', '파일 삭제'),
('CAT-071', 'ET', 'ET.TransactionIo.list', 'ET-LST-0001', 'INQUIRY', 'EtTransactionIoListHandler', 'ROLE_ET_INQ', 'N', 5, 'N', '거래 I/O 목록 (레거시)'),
('CAT-072', 'ET', 'ET.TransactionIo.detail', 'ET-DTL-0001', 'INQUIRY', 'EtTransactionIoDetailHandler', 'ROLE_ET_INQ', 'N', 5, 'N', '거래 I/O 상세 (레거시)');

INSERT INTO TCF_TX_LOG (LOG_ID, TX_TIME, BUSINESS_CODE, SERVICE_ID, TRANSACTION_CODE, GUID, TRACE_ID, USER_ID, BRANCH_ID, RESULT_STATUS, RESULT_CODE, ERROR_CODE, ELAPSED_TIME_MS) VALUES
('TX-001', '2026-06-14T10:31:22+09:00', 'SV', 'SV.Customer.selectSummary', 'SV-INQ-0002', '7f9c1111-e29b-41d4-a716-446655440001', 'trc-7f9c1111', 'U001', '001234', 'FAIL', 'E0001', 'E-SV-DB-0001', 3210),
('TX-002', '2026-06-14T10:30:55+09:00', 'SV', 'SV.Sample.inquiry', 'SV-INQ-0001', '7f9c2222-e29b-41d4-a716-446655440002', 'trc-7f9c2222', 'U123456', '001234', 'SUCCESS', 'S0000', NULL, 42),
('TX-003', '2026-06-14T10:29:10+09:00', 'CM', 'CM.Campaign.list', 'CM-INQ-0001', '7f9c3333-e29b-41d4-a716-446655440003', 'trc-7f9c3333', 'U123456', '001234', 'SUCCESS', 'S0000', NULL, 128),
('TX-004', '2026-06-14T10:28:01+09:00', 'OM', 'OM.TransactionLog.inquiry', 'OM-TXL-0001', '7f9c4444-e29b-41d4-a716-446655440004', 'trc-7f9c4444', 'admin01', '000001', 'SUCCESS', 'S0000', NULL, 95),
('TX-005', '2026-06-14T10:25:44+09:00', 'MG', 'MG.Message.send', 'MG-EXE-0001', '7f9c5555-e29b-41d4-a716-446655440005', 'trc-7f9c5555', 'U123456', '001234', 'FAIL', 'E0001', 'E-MG-TMO-0001', 5001);

INSERT INTO OM_AUDIT_LOG (AUDIT_ID, AUDIT_TIME, USER_ID, BRANCH_ID, CUSTOMER_NO, FUNCTION_ID, FUNCTION_NAME, INQUIRY_REASON, RESULT_STATUS, CLIENT_IP) VALUES
('AUD-001', '2026-06-14T10:20:00+09:00', 'U123456', '001234', 'CUST-0001', 'CUSTOMER_INQUIRY', '고객정보 조회', '고객상담', 'SUCCESS', '10.10.10.10'),
('AUD-002', '2026-06-14T10:15:00+09:00', 'U123456', '001234', 'CUST-0002', 'DOWNLOAD', '리포트 다운로드', '캠페인 분석', 'SUCCESS', '10.10.10.10'),
('AUD-003', '2026-06-14T09:55:00+09:00', 'view01', '001234', 'CUST-0099', 'CUSTOMER_INQUIRY', '고객정보 조회', '민원', 'FAIL', '10.10.10.11');

INSERT INTO OM_ERROR_CODE (ERROR_CODE, ERROR_CATEGORY, USER_MESSAGE, OPERATOR_MESSAGE, ACTION_GUIDE, NOTIFY_TARGET, USE_YN) VALUES
('E-SV-VAL-0001', 'VALIDATION', '고객번호는 필수입니다.', '고객요약 조회 customerNo 누락', '요청 body customerNo 확인', '개발팀', 'Y'),
('E-SV-VAL-0002', 'VALIDATION', '고객번호 길이가 올바르지 않습니다.', '고객요약 조회 customerNo 길이 초과', 'customerNo 20자리 이하 확인', '개발팀', 'Y'),
('E-SV-TIME-0001', 'SYS', '고객정보 조회가 지연되고 있습니다. 잠시 후 다시 시도하십시오.', '고객요약 조회 Timeout(3초 초과)', 'RDW 응답·SQL 튜닝 확인', '운영팀/개발팀', 'Y'),
('E-SV-DB-0001', 'DB', '일시적으로 조회할 수 없습니다.', '고객요약 조회 DB 오류', 'RDW 연결 및 SQL 확인', '운영팀', 'Y'),
('E-SV-BIZ-0001', 'BIZ', '조회 결과가 없습니다.', '고객요약 조회 결과 0건', '조건 확인 후 재조회', '업무팀', 'Y'),
('E-TCF-IF-0001', 'SYS', '연동 서비스 응답이 지연되고 있습니다. 잠시 후 다시 시도하십시오.', '서비스 간 연동 Timeout(read/connect)', '대상 서비스 상태·타임아웃 설정 확인', '운영팀/개발팀', 'Y'),
('E-TCF-IF-0002', 'SYS', '연동 서비스에 일시적으로 접속할 수 없습니다.', '서비스 간 연동 연결 실패(대상 다운/설정 누락)', '대상 서비스 기동·nsight.integration 설정 확인', '운영팀/개발팀', 'Y'),
('E-TCF-MSG-0001', 'SYS', '연동 응답 처리 중 오류가 발생했습니다.', '서비스 간 연동 응답 전문 형식 오류', '대상 서비스 응답 전문 규격 확인', '개발팀', 'Y'),
('E-MG-TMO-0001', 'SYS', '처리 시간이 초과되었습니다.', '메시지 발송 Timeout', 'MG AP 스레드·외부 연동 확인', '운영팀/개발팀', 'Y'),
('E-OM-BIZ-0001', 'BIZ', '요청을 처리할 수 없습니다.', 'OM 업무코드 검증 실패', 'businessCode=OM 확인', '개발팀', 'Y'),
('E-OM-AUTH-0001', 'AUTH', '접근 권한이 없습니다.', '관리자 권한 부족', '권한그룹 확인', '보안팀', 'Y'),
('E-OM-VAL-0001', 'VALIDATION', '입력값을 확인해 주세요.', '필수 사유 미입력', '5자 이상 사유 입력', '개발팀', 'Y'),
('E-OM-VAL-0002', 'VALIDATION', '필수 항목이 누락되었습니다.', '필수 필드 누락', '요청 body 확인', '개발팀', 'Y'),
('E-OM-BIZ-0002', 'BIZ', '요청을 처리할 수 없습니다.', 'Cache 대상 없음', 'Cache명 확인', '운영팀', 'Y'),
('E-OM-BIZ-0003', 'BIZ', '요청을 처리할 수 없습니다.', '배치 Job 없음', 'Job ID·사용여부 확인', '운영팀', 'Y');

INSERT INTO OM_BATCH_JOB (JOB_ID, JOB_NAME, BUSINESS_CODE, CRON_EXPR, USE_YN, DESCRIPTION) VALUES
('BAT-SV-001', 'SV 일별 집계', 'SV', '0 2 * * *', 'Y', '통합고객 일별 집계'),
('BAT-CM-001', 'CM 캠페인 반응 집계', 'CM', '0 3 * * *', 'Y', '캠페인 반응률 집계'),
('BAT-LOG-001', '거래로그 아카이빙', 'ET', '0 4 * * 0', 'Y', 'LOGDB → 아카이브 이관'),
('BAT-OM-001', 'OM Health 스냅샷', 'OM', '0 */10 * * * *', 'Y', 'AP/DB 상태 스냅샷'),
('BAT-OM-002', 'OM 세션 정리', 'OM', '*/10 * * * * *', 'Y', 'SPRING_SESSION 만료 세션 10초 주기 정리'),
('BAT-BATCH-001', '대시보드 AP 상태 수집', 'BATCH', '0 */5 * * * *', 'Y', 'Actuator AP CPU/Heap/Thread → OM_AP_STATUS'),
('BAT-BATCH-002', '대시보드 DB 상태 수집', 'BATCH', '30 */5 * * * *', 'Y', 'Actuator/JDBC DB Pool → OM_DB_STATUS'),
('BAT-BATCH-003', '대시보드 세션 현황 수집', 'BATCH', '45 */5 * * * *', 'Y', 'Spring Session/Actuator → OM_SESSION_STATUS'),
('BAT-BATCH-004', '대시보드 배포 현황 수집', 'BATCH', '55 */5 * * * *', 'Y', 'Actuator/HTTP 배포 상태 → OM_DEPLOY_STATUS');

INSERT INTO OM_BATCH_HISTORY (HISTORY_ID, JOB_ID, RUN_TIME, RUN_STATUS, DURATION_MS, RESULT_MESSAGE) VALUES
('BH-001', 'BAT-SV-001', '2026-06-14T02:00:15+09:00', 'SUCCESS', 45200, '집계 완료 12,340건'),
('BH-002', 'BAT-CM-001', '2026-06-14T03:00:08+09:00', 'SUCCESS', 12800, '캠페인 24건 처리'),
('BH-003', 'BAT-LOG-001', '2026-06-08T04:00:00+09:00', 'FAIL', 900001, '아카이브 대상 테이블 Lock'),
('BH-004', 'BAT-OM-001', '2026-06-14T10:00:00+09:00', 'SUCCESS', 850, '스냅샷 6건 갱신');

INSERT INTO OM_SYSTEM_CONFIG (CONFIG_KEY, CONFIG_CATEGORY, CONFIG_VALUE, EDITABLE_YN, DESCRIPTION) VALUES
('server.port', 'application', '8096', 'N', 'OM bootRun 포트 (화면 직접 수정 금지)'),
('spring.datasource.hikari.maximum-pool-size', 'hikari', '10', 'N', 'Hikari Pool Size (조회만)'),
('mybatis.configuration.default-statement-timeout', 'mybatis', '3', 'N', 'MyBatis 기본 Timeout(초)'),
('nsight.timeout.online-transaction-seconds', 'application', '5', 'N', '온라인 거래 Timeout(초)'),
('server.tomcat.threads.max', 'tomcat', '200', 'N', 'Tomcat 최대 스레드 (권장값 비교용)'),
('server.tomcat.threads.max.recommended', 'tomcat', '200', 'N', 'Tomcat 권장 최대 스레드');

INSERT INTO OM_FILE_DOWNLOAD_LOG (LOG_ID, DOWNLOAD_TIME, USER_ID, FILE_NAME, FILE_SIZE, BUSINESS_CODE, RESULT_STATUS, CLIENT_IP) VALUES
('FDL-001', '2026-06-14T11:00:00+09:00', 'U123456', 'campaign_report_20260614.xlsx', 2048576, 'CM', 'SUCCESS', '10.10.10.10'),
('FDL-002', '2026-06-14T10:45:00+09:00', 'op01', 'tx_log_export.csv', 512000, 'OM', 'SUCCESS', '10.10.10.12'),
('FDL-003', '2026-06-13T16:30:00+09:00', 'view01', 'customer_list.pdf', 0, 'SV', 'FAIL', '10.10.10.11');

INSERT INTO OM_COMMON_CODE (CODE_GROUP, CODE, CODE_NAME, SORT_ORDER, USE_YN, DESCRIPTION, CREATED_AT, UPDATED_AT) VALUES
-- 업무코드
('BUSINESS_CODE', 'SV', 'Single View', 1, 'Y', '통합고객 조회', '2026-06-14T09:00:00+09:00', '2026-06-14T09:00:00+09:00'),
('BUSINESS_CODE', 'CM', 'Campaign', 2, 'Y', '캠페인', '2026-06-14T09:00:00+09:00', '2026-06-14T09:00:00+09:00'),
('BUSINESS_CODE', 'OM', 'Operation Mgmt', 3, 'Y', '운영관리', '2026-06-14T09:00:00+09:00', '2026-06-14T09:00:00+09:00'),
('BUSINESS_CODE', 'BC', 'Business Customer', 4, 'Y', '기업고객', '2026-06-14T09:00:00+09:00', '2026-06-14T09:00:00+09:00'),
('BUSINESS_CODE', 'BD', 'Business Data', 5, 'Y', '마케팅 데이터', '2026-06-14T09:00:00+09:00', '2026-06-14T09:00:00+09:00'),
('BUSINESS_CODE', 'CC', 'Contact Center', 6, 'Y', '컨택센터', '2026-06-14T09:00:00+09:00', '2026-06-14T09:00:00+09:00'),
('BUSINESS_CODE', 'MG', 'Message', 7, 'Y', '메시지 발송', '2026-06-14T09:00:00+09:00', '2026-06-14T09:00:00+09:00'),
('BUSINESS_CODE', 'ET', 'Enterprise', 8, 'N', '엔터프라이즈(미사용)', '2026-06-14T09:00:00+09:00', '2026-06-13T18:00:00+09:00'),
('BUSINESS_CODE', 'IC', 'Integration Customer', 9, 'Y', '통합고객 연계', '2026-06-14T09:00:00+09:00', '2026-06-14T09:00:00+09:00'),
('BUSINESS_CODE', 'PC', 'Private Customer', 10, 'Y', '개인고객', '2026-06-14T09:00:00+09:00', '2026-06-14T09:00:00+09:00'),
('BUSINESS_CODE', 'MS', 'Mini Single View', 11, 'Y', '미니 통합고객', '2026-06-14T09:00:00+09:00', '2026-06-14T09:00:00+09:00'),
('BUSINESS_CODE', 'PD', 'Product', 12, 'Y', '상품', '2026-06-14T09:00:00+09:00', '2026-06-14T09:00:00+09:00'),
('BUSINESS_CODE', 'EB', 'EBM', 13, 'Y', 'EBM', '2026-06-14T09:00:00+09:00', '2026-06-14T09:00:00+09:00'),
('BUSINESS_CODE', 'EP', 'Event Processing', 14, 'Y', '이벤트 처리', '2026-06-14T09:00:00+09:00', '2026-06-14T09:00:00+09:00'),
('BUSINESS_CODE', 'BP', 'Behavior Processing', 15, 'Y', '행동 처리', '2026-06-14T09:00:00+09:00', '2026-06-14T09:00:00+09:00'),
('BUSINESS_CODE', 'SS', 'Sales Support', 16, 'Y', '영업 지원', '2026-06-14T09:00:00+09:00', '2026-06-14T09:00:00+09:00'),
('BUSINESS_CODE', 'CS', 'Common Service', 17, 'Y', '공통 서비스', '2026-06-14T09:00:00+09:00', '2026-06-14T09:00:00+09:00'),
('BUSINESS_CODE', 'CT', 'Contents', 18, 'Y', '콘텐츠', '2026-06-14T09:00:00+09:00', '2026-06-14T09:00:00+09:00'),
('BUSINESS_CODE', 'UD', 'UpDownload', 19, 'Y', '파일 업·다운로드', '2026-06-14T09:00:00+09:00', '2026-06-14T09:00:00+09:00'),
-- 채널코드
('CHANNEL_CODE', 'WEBTOP', '웹탑', 1, 'Y', '웹 채널', '2026-06-14T09:00:00+09:00', '2026-06-14T09:00:00+09:00'),
('CHANNEL_CODE', 'MOBILE', '모바일', 2, 'Y', '모바일 채널', '2026-06-14T09:00:00+09:00', '2026-06-14T09:00:00+09:00'),
('CHANNEL_CODE', 'BRANCH', '창구', 3, 'Y', '영업점 창구', '2026-06-14T09:00:00+09:00', '2026-06-14T09:00:00+09:00'),
('CHANNEL_CODE', 'CALL', '콜센터', 4, 'Y', '전화 상담', '2026-06-14T09:00:00+09:00', '2026-06-14T09:00:00+09:00'),
-- 지점코드
('BRANCH_CODE', '000001', '본부', 1, 'Y', '본부 영업점', '2026-06-14T09:00:00+09:00', '2026-06-14T09:00:00+09:00'),
('BRANCH_CODE', '001234', '강남지점', 2, 'Y', '강남 영업점', '2026-06-14T09:00:00+09:00', '2026-06-14T09:00:00+09:00'),
-- 센터코드
('CENTER_CODE', 'DC1', '데이터센터1', 1, 'Y', '주 DC', '2026-06-14T09:00:00+09:00', '2026-06-14T09:00:00+09:00'),
('CENTER_CODE', 'DC2', '데이터센터2', 2, 'Y', 'DR DC', '2026-06-14T09:00:00+09:00', '2026-06-14T09:00:00+09:00'),
-- 고객유형 (문서 샘플)
('CUSTOMER_TYPE', '01', '개인고객', 1, 'Y', '개인 고객 유형', '2026-06-18T10:00:00+09:00', '2026-06-18T10:00:00+09:00'),
('CUSTOMER_TYPE', '02', '법인고객', 2, 'Y', '법인 고객 유형', '2026-06-18T10:00:00+09:00', '2026-06-18T10:00:00+09:00'),
('CUSTOMER_TYPE', '03', '개인사업자', 3, 'Y', '개인사업자 고객 유형', '2026-06-18T10:00:00+09:00', '2026-06-18T10:00:00+09:00'),
-- 사용여부 (문서 샘플)
('USE_YN', 'Y', '사용', 1, 'Y', '사용 여부', '2026-06-18T10:00:00+09:00', '2026-06-18T10:00:00+09:00'),
('USE_YN', 'N', '미사용', 2, 'Y', '사용 여부', '2026-06-18T10:00:00+09:00', '2026-06-18T10:00:00+09:00'),
-- 거래결과
('RESULT_STATUS', 'SUCCESS', '성공', 1, 'Y', '정상 처리', '2026-06-18T10:00:00+09:00', '2026-06-18T10:00:00+09:00'),
('RESULT_STATUS', 'FAIL', '실패', 2, 'Y', '업무 실패', '2026-06-18T10:00:00+09:00', '2026-06-18T10:00:00+09:00'),
('RESULT_STATUS', 'ERROR', '오류', 3, 'Y', '시스템 오류', '2026-06-18T10:00:00+09:00', '2026-06-18T10:00:00+09:00'),
-- 지점구분
('BRANCH_TYPE', 'HQ', '본부', 1, 'Y', '본부 지점', '2026-06-18T10:00:00+09:00', '2026-06-18T10:00:00+09:00'),
('BRANCH_TYPE', 'BR', '일반지점', 2, 'Y', '일반 영업점', '2026-06-18T10:00:00+09:00', '2026-06-18T10:00:00+09:00'),
('BRANCH_TYPE', 'VT', '가상지점', 3, 'Y', '비대면 채널 지점', '2026-06-18T10:00:00+09:00', '2026-06-18T10:00:00+09:00'),
-- 권한코드 (ServiceId 카탈로그 AUTH_CODE)
('AUTH_CODE', 'ROLE_OM_AUTH', 'OM 인증/권한', 1, 'Y', '사용자·메뉴·세션·권한', '2026-06-20T10:00:00+09:00', '2026-06-20T10:00:00+09:00'),
('AUTH_CODE', 'ROLE_OM_SVC', 'ServiceId 관리', 2, 'Y', '서비스 카탈로그', '2026-06-20T10:00:00+09:00', '2026-06-20T10:00:00+09:00'),
('AUTH_CODE', 'ROLE_OM_DSH', '운영 대시보드', 3, 'Y', '대시보드 조회', '2026-06-20T10:00:00+09:00', '2026-06-20T10:00:00+09:00'),
('AUTH_CODE', 'ROLE_OM_TXL', '거래로그', 4, 'Y', '거래로그 조회/삭제', '2026-06-20T10:00:00+09:00', '2026-06-20T10:00:00+09:00'),
('AUTH_CODE', 'ROLE_OM_AUD', '감사로그', 5, 'Y', '감사로그 조회', '2026-06-20T10:00:00+09:00', '2026-06-20T10:00:00+09:00'),
('AUTH_CODE', 'ROLE_OM_ERR', '오류코드', 6, 'Y', '오류코드 관리', '2026-06-20T10:00:00+09:00', '2026-06-20T10:00:00+09:00'),
('AUTH_CODE', 'ROLE_OM_BAT', '배치', 7, 'Y', '배치/스케줄', '2026-06-20T10:00:00+09:00', '2026-06-20T10:00:00+09:00'),
('AUTH_CODE', 'ROLE_OM_HLT', 'Health Check', 8, 'Y', 'AP/DB 헬스', '2026-06-20T10:00:00+09:00', '2026-06-20T10:00:00+09:00'),
('AUTH_CODE', 'ROLE_OM_RTM', '런타임 진단', 9, 'Y', 'Thread/JVM/DB Pool 진단', '2026-06-20T10:00:00+09:00', '2026-06-20T10:00:00+09:00'),
('AUTH_CODE', 'ROLE_OM_CFG', '환경설정', 10, 'Y', '시스템 설정 조회', '2026-06-20T10:00:00+09:00', '2026-06-20T10:00:00+09:00'),
('AUTH_CODE', 'ROLE_OM_FIL', '파일', 10, 'Y', '파일 다운로드 이력', '2026-06-20T10:00:00+09:00', '2026-06-20T10:00:00+09:00'),
('AUTH_CODE', 'ROLE_OM_CDC', '공통코드', 11, 'Y', '공통코드 CRUD', '2026-06-20T10:00:00+09:00', '2026-06-20T10:00:00+09:00'),
('AUTH_CODE', 'ROLE_OM_CACHE', 'Cache', 12, 'Y', '캐시 조회/삭제', '2026-06-20T10:00:00+09:00', '2026-06-20T10:00:00+09:00'),
('AUTH_CODE', 'ROLE_SV_INQ', 'SV 조회', 13, 'Y', 'Single View 조회', '2026-06-20T10:00:00+09:00', '2026-06-20T10:00:00+09:00'),
('AUTH_CODE', 'ROLE_CC_INQ', 'CC 조회', 14, 'Y', 'Contact Center 조회', '2026-06-20T10:00:00+09:00', '2026-06-20T10:00:00+09:00'),
('AUTH_CODE', 'ROLE_IC_INQ', 'IC 조회', 15, 'Y', 'Integration Customer 조회', '2026-06-20T10:00:00+09:00', '2026-06-20T10:00:00+09:00'),
('AUTH_CODE', 'ROLE_PC_INQ', 'PC 조회', 16, 'Y', 'Private Customer 조회', '2026-06-20T10:00:00+09:00', '2026-06-20T10:00:00+09:00'),
('AUTH_CODE', 'ROLE_BC_INQ', 'BC 조회', 17, 'Y', 'Business Customer 조회', '2026-06-20T10:00:00+09:00', '2026-06-20T10:00:00+09:00'),
('AUTH_CODE', 'ROLE_MS_INQ', 'MS 조회', 18, 'Y', 'Mini Single View 조회', '2026-06-20T10:00:00+09:00', '2026-06-20T10:00:00+09:00'),
('AUTH_CODE', 'ROLE_PD_INQ', 'PD 조회', 19, 'Y', 'Product 조회', '2026-06-20T10:00:00+09:00', '2026-06-20T10:00:00+09:00'),
('AUTH_CODE', 'ROLE_CM_INQ', 'CM 조회', 20, 'Y', 'Campaign 조회', '2026-06-20T10:00:00+09:00', '2026-06-20T10:00:00+09:00'),
('AUTH_CODE', 'ROLE_EB_INQ', 'EB 조회', 21, 'Y', 'EBM 조회', '2026-06-20T10:00:00+09:00', '2026-06-20T10:00:00+09:00'),
('AUTH_CODE', 'ROLE_EP_INQ', 'EP 조회', 22, 'Y', 'Event Processing 조회', '2026-06-20T10:00:00+09:00', '2026-06-20T10:00:00+09:00'),
('AUTH_CODE', 'ROLE_BP_INQ', 'BP 조회', 23, 'Y', 'Behavior Processing 조회', '2026-06-20T10:00:00+09:00', '2026-06-20T10:00:00+09:00'),
('AUTH_CODE', 'ROLE_BD_INQ', 'BD 조회', 24, 'Y', 'Behavior Data 조회', '2026-06-20T10:00:00+09:00', '2026-06-20T10:00:00+09:00'),
('AUTH_CODE', 'ROLE_SS_INQ', 'SS 조회', 25, 'Y', 'Sales Support 조회', '2026-06-20T10:00:00+09:00', '2026-06-20T10:00:00+09:00'),
('AUTH_CODE', 'ROLE_CS_INQ', 'CS 조회', 26, 'Y', 'Common Service 조회', '2026-06-20T10:00:00+09:00', '2026-06-20T10:00:00+09:00'),
('AUTH_CODE', 'ROLE_CT_INQ', 'CT 조회', 27, 'Y', 'Contents 조회', '2026-06-20T10:00:00+09:00', '2026-06-20T10:00:00+09:00'),
('AUTH_CODE', 'ROLE_MG_INQ', 'MG 조회', 28, 'Y', 'Message 조회/발송', '2026-06-20T10:00:00+09:00', '2026-06-20T10:00:00+09:00'),
('AUTH_CODE', 'ROLE_UD_FIL', 'UD 파일', 29, 'Y', '파일 업·다운로드', '2026-06-20T10:00:00+09:00', '2026-06-20T10:00:00+09:00'),
('AUTH_CODE', 'ROLE_ET_INQ', 'ET 조회', 30, 'N', 'Enterprise (레거시)', '2026-06-20T10:00:00+09:00', '2026-06-20T10:00:00+09:00'),
-- Cache명 (Cache 관리 화면)
('CACHE_NAME', 'commonCode', '공통코드', 1, 'Y', '공통코드 Cache (키=코드그룹)', '2026-06-20T10:00:00+09:00', '2026-06-20T10:00:00+09:00'),
('CACHE_NAME', 'serviceCatalog', 'ServiceId 카탈로그', 2, 'Y', 'ServiceId 카탈로그 Cache', '2026-06-20T10:00:00+09:00', '2026-06-20T10:00:00+09:00'),
('CACHE_NAME', 'sessionRegion', '세션 영역', 3, 'Y', '세션 Cache', '2026-06-20T10:00:00+09:00', '2026-06-20T10:00:00+09:00');

INSERT INTO OM_FUNCTION_AUTH (AUTH_ID, AUTH_GROUP_ID, MENU_ID, CAN_INQUIRY, CAN_REGISTER, CAN_UPDATE, CAN_DELETE, CAN_DOWNLOAD) VALUES
('FA-ROLE_ADMIN-OM_DASH', 'ROLE_ADMIN', 'OM_DASH', 'Y', 'Y', 'Y', 'Y', 'Y'),
('FA-ROLE_ADMIN-OM_TX', 'ROLE_ADMIN', 'OM_TX', 'Y', 'Y', 'Y', 'Y', 'Y'),
('FA-ROLE_ADMIN-OM_SVC', 'ROLE_ADMIN', 'OM_SVC', 'Y', 'Y', 'Y', 'Y', 'Y'),
('FA-ROLE_ADMIN-OM_AUTH', 'ROLE_ADMIN', 'OM_AUTH', 'Y', 'Y', 'Y', 'Y', 'Y'),
('FA-ROLE_ADMIN-OM_AUDIT', 'ROLE_ADMIN', 'OM_AUDIT', 'Y', 'Y', 'Y', 'Y', 'Y'),
('FA-ROLE_ADMIN-OM_SES', 'ROLE_ADMIN', 'OM_SES', 'Y', 'Y', 'Y', 'Y', 'Y'),
('FA-ROLE_ADMIN-OM_ERR', 'ROLE_ADMIN', 'OM_ERR', 'Y', 'Y', 'Y', 'Y', 'Y'),
('FA-ROLE_ADMIN-OM_BAT', 'ROLE_ADMIN', 'OM_BAT', 'Y', 'Y', 'Y', 'Y', 'Y'),
('FA-ROLE_ADMIN-OM_HLT', 'ROLE_ADMIN', 'OM_HLT', 'Y', 'Y', 'Y', 'Y', 'Y'),
('FA-ROLE_ADMIN-OM_CFG', 'ROLE_ADMIN', 'OM_CFG', 'Y', 'Y', 'Y', 'Y', 'Y'),
('FA-ROLE_ADMIN-OM_FIL', 'ROLE_ADMIN', 'OM_FIL', 'Y', 'Y', 'Y', 'Y', 'Y'),
('FA-ROLE_ADMIN-OM_DPL', 'ROLE_ADMIN', 'OM_DPL', 'Y', 'Y', 'Y', 'Y', 'Y'),
('FA-ROLE_ADMIN-OM_CDC', 'ROLE_ADMIN', 'OM_CDC', 'Y', 'Y', 'Y', 'Y', 'Y'),
('FA-ROLE_ADMIN-OM_FAU', 'ROLE_ADMIN', 'OM_FAU', 'Y', 'Y', 'Y', 'Y', 'Y'),
('FA-ROLE_ADMIN-OM_DAU', 'ROLE_ADMIN', 'OM_DAU', 'Y', 'Y', 'Y', 'Y', 'Y'),
('FA-ROLE_ADMIN-OM_AHT', 'ROLE_ADMIN', 'OM_AHT', 'Y', 'Y', 'Y', 'Y', 'Y'),
('FA-ROLE_ADMIN-OM_CCH', 'ROLE_ADMIN', 'OM_CCH', 'Y', 'Y', 'Y', 'Y', 'Y'),
('FA-ROLE_OPERATOR-OM_DASH', 'ROLE_OPERATOR', 'OM_DASH', 'Y', 'N', 'N', 'N', 'Y'),
('FA-ROLE_OPERATOR-OM_TX', 'ROLE_OPERATOR', 'OM_TX', 'Y', 'N', 'N', 'N', 'Y'),
('FA-ROLE_OPERATOR-OM_SVC', 'ROLE_OPERATOR', 'OM_SVC', 'Y', 'N', 'N', 'N', 'N'),
('FA-ROLE_OPERATOR-OM_AUTH', 'ROLE_OPERATOR', 'OM_AUTH', 'N', 'N', 'N', 'N', 'N'),
('FA-ROLE_OPERATOR-OM_AUDIT', 'ROLE_OPERATOR', 'OM_AUDIT', 'Y', 'N', 'N', 'N', 'Y'),
('FA-ROLE_OPERATOR-OM_SES', 'ROLE_OPERATOR', 'OM_SES', 'Y', 'N', 'Y', 'Y', 'N'),
('FA-ROLE_OPERATOR-OM_ERR', 'ROLE_OPERATOR', 'OM_ERR', 'Y', 'N', 'N', 'N', 'N'),
('FA-ROLE_OPERATOR-OM_BAT', 'ROLE_OPERATOR', 'OM_BAT', 'Y', 'N', 'Y', 'N', 'N'),
('FA-ROLE_OPERATOR-OM_HLT', 'ROLE_OPERATOR', 'OM_HLT', 'Y', 'N', 'N', 'N', 'N'),
('FA-ROLE_OPERATOR-OM_CFG', 'ROLE_OPERATOR', 'OM_CFG', 'Y', 'N', 'N', 'N', 'N'),
('FA-ROLE_OPERATOR-OM_FIL', 'ROLE_OPERATOR', 'OM_FIL', 'Y', 'Y', 'N', 'N', 'Y'),
('FA-ROLE_OPERATOR-OM_DPL', 'ROLE_OPERATOR', 'OM_DPL', 'Y', 'N', 'N', 'N', 'N'),
('FA-ROLE_OPERATOR-OM_CDC', 'ROLE_OPERATOR', 'OM_CDC', 'N', 'N', 'N', 'N', 'N'),
('FA-ROLE_OPERATOR-OM_FAU', 'ROLE_OPERATOR', 'OM_FAU', 'N', 'N', 'N', 'N', 'N'),
('FA-ROLE_OPERATOR-OM_DAU', 'ROLE_OPERATOR', 'OM_DAU', 'Y', 'N', 'N', 'N', 'N'),
('FA-ROLE_OPERATOR-OM_AHT', 'ROLE_OPERATOR', 'OM_AHT', 'Y', 'N', 'N', 'N', 'N'),
('FA-ROLE_OPERATOR-OM_CCH', 'ROLE_OPERATOR', 'OM_CCH', 'Y', 'N', 'Y', 'N', 'N'),
('FA-ROLE_VIEWER-OM_DASH', 'ROLE_VIEWER', 'OM_DASH', 'Y', 'N', 'N', 'N', 'N'),
('FA-ROLE_VIEWER-OM_TX', 'ROLE_VIEWER', 'OM_TX', 'Y', 'N', 'N', 'N', 'N'),
('FA-ROLE_VIEWER-OM_SVC', 'ROLE_VIEWER', 'OM_SVC', 'Y', 'N', 'N', 'N', 'N'),
('FA-ROLE_VIEWER-OM_AUTH', 'ROLE_VIEWER', 'OM_AUTH', 'N', 'N', 'N', 'N', 'N'),
('FA-ROLE_VIEWER-OM_AUDIT', 'ROLE_VIEWER', 'OM_AUDIT', 'Y', 'N', 'N', 'N', 'N'),
('FA-ROLE_VIEWER-OM_SES', 'ROLE_VIEWER', 'OM_SES', 'N', 'N', 'N', 'N', 'N'),
('FA-ROLE_VIEWER-OM_ERR', 'ROLE_VIEWER', 'OM_ERR', 'N', 'N', 'N', 'N', 'N'),
('FA-ROLE_VIEWER-OM_BAT', 'ROLE_VIEWER', 'OM_BAT', 'N', 'N', 'N', 'N', 'N'),
('FA-ROLE_VIEWER-OM_HLT', 'ROLE_VIEWER', 'OM_HLT', 'Y', 'N', 'N', 'N', 'N'),
('FA-ROLE_VIEWER-OM_CFG', 'ROLE_VIEWER', 'OM_CFG', 'Y', 'N', 'N', 'N', 'N'),
('FA-ROLE_VIEWER-OM_FIL', 'ROLE_VIEWER', 'OM_FIL', 'N', 'N', 'N', 'N', 'N'),
('FA-ROLE_VIEWER-OM_DPL', 'ROLE_VIEWER', 'OM_DPL', 'N', 'N', 'N', 'N', 'N'),
('FA-ROLE_VIEWER-OM_CDC', 'ROLE_VIEWER', 'OM_CDC', 'N', 'N', 'N', 'N', 'N'),
('FA-ROLE_VIEWER-OM_FAU', 'ROLE_VIEWER', 'OM_FAU', 'N', 'N', 'N', 'N', 'N'),
('FA-ROLE_VIEWER-OM_DAU', 'ROLE_VIEWER', 'OM_DAU', 'Y', 'N', 'N', 'N', 'N'),
('FA-ROLE_VIEWER-OM_AHT', 'ROLE_VIEWER', 'OM_AHT', 'Y', 'N', 'N', 'N', 'N'),
('FA-ROLE_VIEWER-OM_CCH', 'ROLE_VIEWER', 'OM_CCH', 'N', 'N', 'N', 'N', 'N');

INSERT INTO OM_DATA_AUTH (AUTH_ID, AUTH_GROUP_ID, BRANCH_SCOPE, CUSTOMER_ACCESS_LEVEL, DESCRIPTION) VALUES
('DA-001', 'ROLE_ADMIN', 'ALL', 'FULL', '전 지점·전체 고객정보'),
('DA-002', 'ROLE_OPERATOR', 'OWN_BRANCH', 'MASKED', '소속 지점·마스킹 조회'),
('DA-003', 'ROLE_VIEWER', 'OWN_BRANCH', 'SUMMARY_ONLY', '소속 지점·요약만');

INSERT INTO OM_AUTH_HISTORY (HISTORY_ID, CHANGED_AT, CHANGED_BY, TARGET_TYPE, TARGET_ID, BEFORE_VALUE, AFTER_VALUE, CHANGE_REASON) VALUES
('AH-001', '2026-06-13T14:00:00+09:00', 'admin01', 'USER_AUTH', 'op01', 'ROLE_VIEWER', 'ROLE_OPERATOR', '운영담당 업무 배정'),
('AH-002', '2026-06-12T11:30:00+09:00', 'admin01', 'ERROR_CODE', 'E-SV-BIZ-0001', '조회 결과 없음', '조회 결과가 없습니다.', '사용자 메시지 표준화');

INSERT INTO OM_CACHE_STATUS (CACHE_NAME, CACHE_KEY, ENTRY_COUNT, LAST_UPDATED, TTL_SEC) VALUES
('serviceCatalog', '*', 72, '2026-06-14T10:00:00+09:00', 3600),
('commonCode', 'BUSINESS_CODE', 8, '2026-06-18T10:00:00+09:00', 1800),
('commonCode', 'CUSTOMER_TYPE', 3, '2026-06-18T10:00:00+09:00', 1800),
('sessionRegion', 'DC1', 120, '2026-06-14T10:30:00+09:00', 600);
